stop_id,bus_id,name,pickup_time,address,lat,lng
132532,25101,I ST & E ST,Invalid,I ST & E ST,29.52823620531731,-98.27233510091901
135831,25101,13 E ST,Invalid,13 E ST,39.033595,-74.93317100000002
137686,25101,STRICKLAND RD & PINE VALLEY DR,Invalid,STRICKLAND RD & PINE VALLEY DR, 30004,44.552261005303926,-90.62143909424663
139285,25101,STRICKLAND RD & BELLEMEADE PL,Invalid,STRICKLAND RD & BELLEMEADE PL, 30004,34.117253510242364,-84.25441009262096
141006,25101,180 STRICKLAND RD,Invalid,180 STRICKLAND RD, 30004,34.126604,-84.25528400000002
147737,25101,820 MIDDLETON PL,Invalid,820 MIDDLETON PL, 30004,34.130586,-84.24113599999998
150890,25101,850 TOWNSHIP CIR,Invalid,850 TOWNSHIP CIR, 30004,34.13284,-84.24087800000001
151170,25101,TULIP PLANTATION RD & TULIP GARDEN WAY,Invalid,TULIP PLANTATION RD & TULIP GARDEN WAY, 30004,19.09740313910023,-70.30280280858278
164731,25101,760 STRICKLAND RD,Invalid,760 STRICKLAND RD, 30004,34.111134,-84.25478599999997
165316,25101,510 STRICKLAND RD,Invalid,510 STRICKLAND RD, 30004,34.117545,-84.25504699999999
167105,25101,WEATHERSTONE PL & WINDSTONE TRL,Invalid,WEATHERSTONE PL & WINDSTONE TRL, 30004,34.13399059710594,-84.23683722362853
167135,25101,513 WINDSTONE TRL,Invalid,513 WINDSTONE TRL, 30004,34.138199,-84.23707200000001
134198,25102,HUNTINGTON CIR & HUNTINGTON DR,Invalid,HUNTINGTON CIR & HUNTINGTON DR,38.608426912433266,-76.90022405712278
149158,25102,WHITE PINES DR & SPRUCE CT,Invalid,WHITE PINES DR & SPRUCE CT, 30004,41.65002021118698,-72.7342165634036
149159,25102,FERNBANK CT & FERNBANK ST,Invalid,FERNBANK CT & FERNBANK ST, 30004,41.65002021118698,-72.7342165634036
149160,25102,110 HUNTINGTON CIR,Invalid,110 HUNTINGTON CIR, 30004,34.122705,-84.249957
149669,25102,FERNBANK ST & FERNBANK DR,Invalid,FERNBANK ST & FERNBANK DR, 30004,34.124209833183286,-84.25100261886917
149670,25102,345 HUNTINGTON CIR,Invalid,345 HUNTINGTON CIR, 30004,34.120444,-84.249166
150058,25102,JAMES RD & WAKEFIELD TRCE,Invalid,JAMES RD & WAKEFIELD TRCE, 30004,-11.877101839477612,27.53068082034588
150821,25102,385 STRICKLAND RD,Invalid,385 STRICKLAND RD, 30004,34.121468,-84.253919
151039,25102,380 TIDWELL CIR,Invalid,380 TIDWELL CIR, 30004,34.118042,-84.25321400000001
151337,25102,405 STRICKLAND RD,Invalid,405 STRICKLAND RD, 30004,34.120837,-84.25394799999998
166305,25102,300 TIDWELL CIR,Invalid,300 Tidwell Cir,34.118027,-84.25035300000002
166809,25102,270 TIDWELL RD,Invalid,270 TIDWELL RD, 30004,34.128212,-84.251103
169462,25102,355 STRICKLAND RD,Invalid,355 STRICKLAND RD, 30004,34.12242,-84.25397199999998
175999,25102,185 STRICKLAND RD,Invalid,185 STRICKLAND RD, 30004,34.126792,-84.25409200000001
141077,25103,3668 ARCHGATE CT,Invalid,3668 ARCHGATE CT, 30004,34.121064,-84.25814300000002
144106,25103,CENTRAL PARK OVLK & WALDEN GLEN LN,Invalid,Central Park Ovlk & Walden Glen Ln, 30004,-19.684011590514015,-43.91716003417969
144107,25103,CENTRAL PARK OVLK & FIELDCREST PARK LN,Invalid,Central Park Ovlk & Fieldcrest Park Ln, 30004,-19.684011590514015,-43.91716003417969
150326,25103,CENTRAL PARK OVLK & SUTTON GLEN WAY,Invalid,Central Park Ovlk & SUTTON GLEN WAY, 30004,32.580220834018434,-117.10909889582467
150327,25103,CENTRAL PARK OVLK & DEERFIELD TOWNSHIP WAY,Invalid,CENTRAL PARK OVLK & DEERFIELD TOWNSHIP WAY,39.464259921910546,-75.1370002114985
150822,25103,RUMNEY WAY & DEERFIELD CROSSING DR,Invalid,Rumney Way & Deerfield Crossing Dr, 30004,36.069561113963765,-80.01328658312559
165379,25103,CENTRAL PARK OVLK & PENNINGTON VIEW LN,Invalid,Central Park Ovlk & PENNINGTON VIEW LN, 30004,-19.684011590514015,-43.91716003417969
134812,25104,HARTFORD TER & WOODALL TRCE,Invalid,HARTFORD TER & WOODALL TRCE,,41.76458217290893,-72.69085496664047
135326,25104,WAVERLY GLEN DR & WOODALL TRCE,Invalid,WAVERLY GLEN DR & WOODALL TRCE,,19.09740313910023,-70.30280280858278
135327,25104,HARTFORD TER & NORWICH GLEN WAY,Invalid,HARTFORD TER & NORWICH GLEN WAY,,41.76458217290893,-72.69085496664047
135328,25104,HARTFORD TER & WAVERLY GLEN DR,Invalid,HARTFORD TER & WAVERLY GLEN DR,,-2.9814343122266704,23.822263330221176
151010,25104,HOLLEYBROOKE DR & DALESFORD DR,Invalid,HOLLEYBROOKE DR & DALESFORD DR, 30004,34.11802337739484,-84.2342998550863
139376,25105,342 ST CLAIRE DR,Invalid,342 ST CLAIRE DR, 30004,34.132345,-84.24544000000003
143403,25105,F ST & H ST,Invalid,F ST & H ST, 30004,34.12379813004897,-84.25657134243909
149152,25105,A ST & D ST,Invalid,A ST & D ST, 30004,34.12644450362943,-84.25677487680065
149154,25105,A ST & B ST,Invalid,A ST & B ST, 30004,34.12644450362943,-84.25677487680065
150891,25105,400 ST CLAIRE DR,Invalid,400 ST CLAIRE DR, 30004,34.130498,-84.24415599999998
134319,25106,WINTHROP RD & COUNSELORS WAY,Invalid,WINTHROP RD & COUNSELORS WAY,42.343051741191395,-83.47409328678384
135564,25106,NANCY REAGAN DR & ESTUARY TRL,Invalid,NANCY REAGAN DR & ESTUARY TRL,48.69372242046164,6.183409430086613
144125,25106,RONALD REAGAN BLVD & REX LN,Invalid,Ronald Reagan Blvd & Rex Ln, 30005,31.34584308445619,-101.52952942997217
150468,25106,RONALD REAGAN BLVD & HALCYON WAY,Invalid,Ronald Reagan Blvd & Halcyon Way, 30005,31.34584308445619,-101.52952942997217
150887,25106,NANCY REAGAN DR & VENUE WAY,Invalid,NANCY REAGAN DR & VENUE WAY, 30005,48.69372242046164,6.183409430086613
150888,25106,1625 OAK FARM DR,Invalid,1625 OAK FARM DR,34.109764,-84.217713
151024,25106,WINTHROP RD & JAMESTOWN DR,Invalid,WINTHROP RD & JAMESTOWN DR, 30005,19.09740313910023,-70.30280280858278
168178,25106,RONALD REAGAN BLVD & HALCYON GARDEN DR,Invalid,Ronald Reagan Blvd & Halcyon Garden Dr, 30005,19.09740313910023,-70.30280280858278
133111,25107,STONEY POINT RD & PEBBLE CREEK LN,Invalid,STONEY POINT RD & PEBBLE CREEK LN,28.151488278272197,-82.35213495790958
134182,25107,CROFTON DR & ROXBURY TRCE,Invalid,CROFTON DR & ROXBURY TRCE,19.09740313910023,-70.30280280858278
134184,25107,CROFTON DR & PRESTON GLEN DR,Invalid,CROFTON DR & PRESTON GLEN DR,37.04783451194465,-87.48420735804007
139390,25107,HUDDLESTONE WAY & GLARAMARA TER,Invalid,HUDDLESTONE WAY & GLARAMARA TER, 30041,34.127004044028865,-84.20242055662641
146265,25107,HADDEN HALL CT & YORKRIDGE DR,Invalid,HADDEN HALL CT & YORKRIDGE DR,33.045600669683004,-117.06171959368129
146266,25107,BARRINGTON RUN & YORKRIDGE DR,Invalid,BARRINGTON RUN & YORKRIDGE DR,42.15391429952639,-88.13618894666433
146267,25107,RIDGEFIELD DR & WESSEX DOWNS DR,Invalid,RIDGEFIELD DR & WESSEX DOWNS DR,28.00200717262968,-82.59021688252687
146269,25107,CROFTON DR & CROFTON FARMS CT,Invalid,CROFTON DR & CROFTON FARMS CT,52.948455188304706,-0.43228582302526775
149265,25107,RIDGEFIELD DR & SURREY RUN PL,Invalid,RIDGEFIELD DR & SURREY RUN PL, 30005,51.23765587814446,-0.20570699125528336
149266,25107,CROFTON DR & OAKLEIGH PL,Invalid,CROFTON DR & OAKLEIGH PL, 30005,34.12167974842788,-84.19307781539123
149267,25107,YORKRIDGE DR & KRISTENSEN CT,Invalid,YORKRIDGE DR & KRISTENSEN CT, 30005,34.11936287704541,-84.19798952763313
134199,25108,FLINT CREEK DR & BENT CREEK WAY,Invalid,FLINT CREEK DR & BENT CREEK WAY,-34.94481455769448,138.59144266694784
134200,25108,FLINT CREEK DR & HERMITAGE DR,Invalid,FLINT CREEK DR & HERMITAGE DR,52.29925335290848,-6.4500194389102035
149270,25108,CREEK TREE LN & SPINDLETOP DR,Invalid,CREEK TREE LN & SPINDLETOP DR, 30041,19.09740313910023,-70.30280280858278
149271,25108,CREEK TREE LN & GAINESWAY CT,Invalid,CREEK TREE LN & GAINESWAY CT, 30041,41.2653336838896,-72.75172501802444
149272,25108,CREEK TREE LN & S CLEMENT RD,Invalid,S CLEMENT RD & CREEK TREE LN, 30041,19.09740313910023,-70.30280280858278
149273,25108,CREEK TREE LN & FLAT STONE DR,Invalid,CREEK TREE LN & FLAT STONE DR, 30041,19.09740313910023,-70.30280280858278
149406,25108,2380 WOOD COVE DR,Invalid,2380 WOOD COVE DR, 30041,34.124947,-84.183042
149671,25108,FLINT CREEK DR & MAIN CHANCE DR,Invalid,FLINT CREEK DR & MAIN CHANCE DR, 30041,19.09740313910023,-70.30280280858278
149706,25108,WOOD COVE DR & FOSSIL CREEK DR,Invalid,WOOD FALLS DR & FOSSIL CREEK DR, 30041,40.1740680507979,-74.79213036596775
149734,25108,WOOD FALLS DR & BUTE CLIFF TRCE,Invalid,WOOD FALLS DR & BUTE CLIFF TRCE, 30041,32.75774765872735,-95.38129415363073
149879,25108,S CLEMENT RD & HILLANDALE CIR,Invalid,S CLEMENT RD & HILLANDALE CIR, 30041,19.09740313910023,-70.30280280858278
151719,25108,CREEK TREE LN & WILLS MILL RD,Invalid,CREEK TREE LN & WILLS MILL RD, 30041,19.09740313910023,-70.30280280858278
151720,25108,2235 WOOD FALLS DR,Invalid,FOSSIL CREEK DR & WOOD COVE DR, 30041,52.24973974702805,-7.088392583705399
165306,25108,WOOD FALLS DR & STONE MEEADOW WAY,Invalid,WOOD FALLS DR & STONE MEADOW WAY, 30041,39.05371307483199,-74.75844617933035
165899,25108,605 FOWLER RD,Invalid,605 FOWLER RD, 30004,34.136873,-84.226651
166925,25108,N CLEMENT RD & BRADLEY TRL,Invalid,N CLEMENT RD & BRADLEY TRL, 30041,19.09740313910023,-70.30280280858278
169972,25108,575 FOWLER RD,Invalid,575 FOWLER RD, 30004,34.140338,-84.22439500000002
173757,25108,505 FOWLER RD,Invalid,505 FOWLER RD, 30004,34.142757,-84.22589199999999
147406,25109,1680 MARCIA OVERLOOK DR,Invalid,1680 MARCIA OVERLOOK DR, 30041,34.138737,-84.18623200000002
151607,25109,1815 MARCIA OVERLOOK DR,Invalid,1815 MARCIA OVERLOOK DR, 30041,34.141352,-84.18730900000003
151625,25109,RUTLAND PKWY & WESTMOORLAND NORTH LN,Invalid,RUTLAND PKWY & WESTMOORLAND LN, 30041,52.66966487883196,-0.7272732630372047
151774,25109,1980 MARCIA OVERLOOK DR,Invalid,1980 MARCIA OVERLOOK DR, 30041,34.140463,-84.188107
173551,25109,1405 SQUIRE LN,Invalid,1405 SQUIRE LN, 30041,34.130209,-84.17620799999997
143561,25110,750 OLD ALPHARETTA RD,Invalid,750 OLD ALPHARETTA RD, 30005,34.106995,-84.19664699999998
145980,25110,1880 MANOR VW,Invalid,1880 MNR VIEW,34.115893,-84.18061
148967,25110,2555 STRATHMORE DR,Invalid,2555 STRATHMORE DR, 30041,34.105711,-84.19032500000003
149253,25110,STRATHMORE DR & KENSINGTON CT,Invalid,STRATHMORE DR & KENSINGTON CT, 30041,41.63537714873247,-72.76870843023062
150676,25110,61 LAMBETS WAY,Invalid,61 LAMBETS WAY, 30005,34.099146,-84.19874199999998
150677,25110,WINDHAVEN DR & WOODVINE WAY,Invalid,WINDHAVEN DR & WOODVINE WAY, 30005,34.105953308392515,-84.20279888572054
150960,25110,MONTICELLO DR & BRISTOL LN,Invalid,MONTICELLO DR & BRISTOL LN, 30041,51.453802372166166,-2.5972986593842506
151055,25110,OLD ALPHARETTA RD & WALTERS CIR,Invalid,OLD ALPHARETTA RD & WALTERS CIR, 30005,34.10722480129367,-84.19453972548422
151228,25110,985 WINDHAVEN DR,Invalid,985 WINDHAVEN DR, 30005,34.104643,-84.20190600000001
151342,25110,808 OLD ALPHARETTA RD,Invalid,808 OLD ALPHARETTA RD, 30005,34.104107,-84.19908599999997
151733,25110,2345 MANOR VW,Invalid,2345 MANOR VW, 30041,34.116016,-84.18340599999999
151734,25110,2525 MANOR VW,Invalid,2525 MANOR VW, 30041,34.115963,-84.18174299999998
151735,25110,2040 MANOR VW,Invalid,2040 MANOR VW, 30041,34.116381,-84.17983200000003
164186,25110,2126 OLD ALPHARETTA RD,Invalid,2126 OLD ALPHARETTA RD, 30041,34.113093,-84.18227200000001
173074,25110,2325 OLD ALPHARETTA RD,Invalid,2325 OLD ALPHARETTA RD, 30041,34.10884,-84.18741
174137,25110,998 OLD ALPHARETTA RD,Invalid,998 OLD ALPHARETTA RD, 30005,34.102836,-84.20376199999998
175997,25110,2485 CANEY RD,Invalid,2485 CANEY RD, 30041,34.09865812373254,-84.18989723312382
139316,25111,PEACHTREE PKWY & SENTINEL CHASE WAY,Invalid,PEACHTREE PKWY & SENTINEL CHASE WAY, 30041,34.103341310577896,-84.17927865534045
147748,25111,SADDLEBROOK GLEN DR & GENTRY WALK CT,Invalid,SADDLEBROOK GLEN DR & GENTRY WALK CT, 30041,41.65002021118698,-72.7342165634036
149252,25111,CHRISTOPHER ROBIN RD & BARRINGTON TRL,Invalid,CHRISTOPHER ROBIN RD & BARRINGTON TRL, 30005,19.09740313910023,-70.30280280858278
149254,25111,3010 BROOKWATER DR,Invalid,3010 BROOKWATER DR, 30041,34.097253,-84.18571800000001
149264,25111,OLD CHURCH RD & MAJORS FARM CT,Invalid,OLD CHURCH RD & MAJORS FARM CT, 30041,54.94706364342947,-5.986584137670434
149269,25111,COMMONWEALTH TRL & COMMONWEALTH AVE,Invalid,COMMONWEALTH TRL & COMMONWEALTH AVE, 30041,34.12480142468472,-84.17505577994586
150612,25111,2420 BROOKWATER DR,Invalid,2420 BROOKWATER DR, 30005,34.097925,-84.18811
150723,25111,CANEY RD & STONECREST DR,Invalid,CANEY RD & STONECREST DR, 30041,19.09740313910023,-70.30280280858278
150827,25111,SADDLEBROOK GLEN DR & TATTERSALL CT,Invalid,SADDLEBROOK GLEN DR & TATTERSALL CT, 30041,41.65002021118698,-72.7342165634036
151276,25111,COMMONWEALTH TRL & COMMONWEALTH RD,Invalid,COMMONWEALTH TRL & COMMONWEALTH RD, 30041,34.124615046503564,-84.17818050831556
151449,25111,CHRISTOPHER ROBIN RD & BROOKRIDGE TRCE,Invalid,CHRISTOPHER ROBIN RD & BROOKRIDGE TRCE, 30005,19.09740313910023,-70.30280280858278
165952,25111,PINE GROVE RD & HANSARD RD,Invalid,PINE GROVE RD & HANSARD RD, 30041,40.54842335722103,-76.38467822223902
176678,25111,1404 PEACHTREE PKWY,Invalid,1404 PEACHTREE PKWY, 30041,34.125628,-84.17128300000002
140962,25112,FRANCIS RD & CLARK DR,Invalid,FRANCIS RD & CLARK DR, 30004,19.09740313910023,-70.30280280858278
143491,25112,3690 HAMBY RD,Invalid,3690 HAMBY RD, 30004,34.154485,-84.254955
143667,25112,395 BRANDYWINE CIR,Invalid,395 BRANDYWINE CIR, 30004,34.131661,-84.227618
144011,25112,HAMBY OAKS DR & OAKLAND CHSE,Invalid,HAMBY OAKS DR & OAKLAND CHSE, 30004,42.66188437219751,-83.3804439380765
144012,25112,OAKSIDE DR & HAMBY OAKS DR,Invalid,OAKSIDE DR & HAMBY OAKS DR, 30004,19.09740313910023,-70.30280280858278
144737,25112,WINDY HILL DR & STONEBRIER LN,Invalid,,,
149118,25112,OAKMONT BEND DR & BETTES CT,Invalid,OAKMONT BEND DR & BETTES CT, 30004,41.65002021118698,-72.7342165634036
149150,25112,MULLINAX RD & PRESERVE LN,Invalid,MULLINAX RD & PRESERVE LN, 30004,34.1363358639225,-84.23203227598219
149155,25112,OAKMONT BEND DR & BAGLEY TERRACE DR,Invalid,OAKMONT BEND DR & BAGLEY TERRACE DR, 30004,44.05817297483054,-121.31530992686749
149156,25112,OAKMONT BEND DR & SHARRON POINT CT,Invalid,OAKMONT BEND DR & SHARRON POINT CT, 30004,41.8792599740659,-73.47678981721401
149157,25112,OAKMONT BEND DR & MATTHEW MEADOW CT,Invalid,OAKMONT BEND DR & MATTHEW MEADOW CT, 30004,41.65002021118698,-72.7342165634036
150373,25112,5875 BRADENTON RD,Invalid,5875 BRADENTON RD,34.157506,-84.24882300000002
150374,25112,5755 BRADENTON RD,Invalid,5755 BRADENTON RD,34.159228,-84.25087100000002
150375,25112,5555 BRADENTON RD,Invalid,5555 BRADENTON RD,34.15901,-84.24864200000002
150417,25112,710 MULLINAX RD,Invalid,710 MULLINAX RD, 30004,34.143861,-84.23441700000001
150445,25112,5345 ATLANTA HWY,Invalid,5345 ATLANTA HWY, 30004,34.153269,-84.25084700000002
151336,25112,345 BRANDYWINE CIR,Invalid,345 BRANDYWINE CIR, 30004,34.133464,-84.228522
151359,25112,WINDY HILL DR & WINDY HILL CT,Invalid,WINDY HILL DR & WINDY HILL CT, 30004,41.6648217477497,-72.63925898820162
163587,25112,BLACKWELL BEND & BARKLEY HILL,Invalid,,,
165956,25112,FOWLER RD & WYNGATE POINT DR,Invalid,FOWLER RD & WYNGATE POINT DR, 30004,19.09740313910023,-70.30280280858278
168992,25112,BRANDYWINE CIR & BRANDYWINE CT,Invalid,BRANDYWINE CIR & BRANDYWINE CT, 30004,39.94646877345341,-86.2235164556069
174237,25112,5465 CALDORWOOD RD,Invalid,5465 CALDORWOOD RD,34.157931,-84.24687799999998
175034,25112,BRIDGEHAMPTON AVE & HAMPTON OAKS DR,Invalid,BRIDGEHAMPTON AVE & HAMPTON OAKS DR, 30004,37.02644144870363,-76.34428482502699
175035,25112,BRIDGEHAMPTON AVE & CAMDEN PARK PL,Invalid,BRIDGEHAMPTON AVE & CAMDEN PARK PL,-34.96713573350543,138.54140639305115
175638,25112,MULLINAX RD & CUMORAH TRL,Invalid,MULLINAX RD & CUMORAH TRL, 30004,34.1385244440201,-84.23298092482173
175918,25112,4720 ATLANTA HWY,Invalid,4720 ATLANTA HWY, 30004,34.159355,-84.23254500000002
143509,25113,SHILOH RD & EPPS LN,Invalid,SHILOH RD & Epps Ln, 30040,19.09740313910023,-70.30280280858278
145974,25113,SUNSET TRL & BLUE SKY LN,Invalid,SUNSET TRL & BLUE SKY LN,36.521156681900564,-82.51115967096132
145975,25113,UNION HILL RD & DOUBLE BRANCHES DR,Invalid,UNION HILL RD & DOUBLE BRANCHES DR,41.10753221924982,-88.14671896398067
146273,25113,OTTER CREEK RUN & LOWER CREEK CT,Invalid,OTTER CREEK RUN & LOWER CREEK CT,29.324965411982195,-82.77178131043911
146314,25113,SHILOH RD & FARMSTEAD DR,Invalid,,,
147311,25113,SHILOH RD & MARISTONE LANDING WAY,Invalid,SHILOH RD & MARISTONE LANDING WAY, 30040,34.14158448080936,-84.2031046559893
150022,25113,UNION HILL RD & BRECKINRIDGE LN,Invalid,UNION HILL RD & BRECKINRIDGE LN, 30040,41.10753221924982,-88.14671896398067
150922,25113,3971 MARS HILL RD,Invalid,3971 MARS HILL RD, 30040,34.150864,-84.20322499999997
150928,25113,4813 SHILOH RD,Invalid,4813 SHILOH RD, 30040,34.140385,-84.20543399999997
151131,25113,SHILOH RD & SHILOH VALLEY RD,Invalid,SHILOH RD & Shiloh Valley Rd, 30040,19.09740313910023,-70.30280280858278
151340,25113,SHILOH RD & SHILOH DR,Invalid,SHILOH RD & SHILOH DR, 30040,40.96821915181734,-82.60239893369175
166044,25113,MARS HILL DR & LOCHMAR TRL,Invalid,MARS HILL RD & Lochmar Trl, 30040,35.82623848641794,-82.54766933619976
169978,25113,4946 SHILOH RD,Invalid,4946 SHILOH RD, 30040,34.137828,-84.20772199999999
170130,25113,5098 UNION HILL RD,Invalid,5098 UNION HILL RD, 30040,34.13638,-84.21088199999997
173494,25113,5236 UNION HILL RD,Invalid,5236 UNION HILL RD, 30040,34.136551,-84.21401500000002
176693,25113,SUNSET TRL & CRIPPLE CREEK CT,Invalid,SUNSET TRL & CRIPPLE CREEK CT, 30040,38.74665554707432,-105.1783150434494
176694,25113,SHILOH RD & POOLE RD,Invalid,SHILOH RD & POOLE RD, 30040,19.09740313910023,-70.30280280858278
147400,25114,RONALD REAGAN BLVD & SUMMIT CROSSING WAY,Invalid,RONALD REAGAN BLVD & SUMMIT CROSSING WAY, 30041,41.14579039504721,-81.5333604812622
149668,25114,RONALD REAGAN BLVD & IVY SUMMIT CT,Invalid,RONALD REAGAN BLVD & IVY SUMMIT CT, 30041,41.65002021118698,-72.7342165634036
150120,25114,FOWLER RD & FOWLER SPRINGS CT,Invalid,FOWLER RD & FOWLER SPRINGS CT, 30004,19.09740313910023,-70.30280280858278
150464,25114,RONALD REAGAN BLVD & BRYTON TRACE DR,Invalid,RONALD REAGAN BLVD & Bryton Trace Dr, 30041,19.09740313910023,-70.30280280858278
143492,25115,6302 VALLEY STREAM DR,Invalid,6302 VALLEY STREAM DR, 30040,34.173407,-84.25041599999997
149116,25115,CALAMAR DR & BLACK OAK DR,Invalid,CALAMAR DR & BLACK OAK DR, 30040,35.83828717338595,-90.36783345043659
149117,25115,CALAMAR DR & WHITE OAK DR,Invalid,CALAMAR DR & WHITE OAK DR, 30040,32.52715835487282,-94.8609684035182
150329,25115,WESTFALL PKWY & BROOKLEIGH OVLK,Invalid,Westfall Pkwy & Brookleigh Ovlk, 30040,34.171764781351435,-84.24091265750758
150330,25115,WESTFALL PKWY & WESTFIELD WAY,Invalid,Westfall Pkwy & Westfield Way, 30040,40.65172615912441,-74.34830591082573
150738,25115,6270 LIVELY WAY,Invalid,6270 LIVELY WAY, 30040,34.171215,-84.25245699999999
151138,25115,6215 WESTFALL PKWY,Invalid,6215 WESTFALL PKWY,34.172939,-84.24276800000001
151296,25115,WESTFALLEN OVLK & WESTERLY WAY,Invalid,Westfallen Ovlk & Westerly Way, 30040,34.17065613422593,-84.24289139888617
151297,25115,WESTFALLEN OVLK & WESTBAY TER,Invalid,Westfallen Ovlk & Westbay Ter, 30040,34.169275519625685,-84.23916894380852
151399,25115,6085 HERITAGE MANOR DR,Invalid,6085 HERITAGE MANOR DR, 30040,34.165849,-84.252589
164180,25115,6770 BROOKLEIGH OVLK,Invalid,6770 Brookleigh Ovlk, 30040,34.173985,-84.23670500000003
167376,25115,6065 WILLS ORCHARD CT,Invalid,6065 WILLS ORCHARD RD, 30040,34.16474,-84.25393500000001
167411,25115,5652 WILLS ORCHARD RD,Invalid,5652 WILLS ORCHARD RD, 30040,34.161755,-84.24761899999999
175612,25115,6210 LIVELY WAY,Invalid,6210 LIVELY WAY, 30040,34.169535,-84.25253299999997
176046,25115,5706 WILLS WOOD CIR,Invalid,5706 WILLS WOOD CIR, 30040,34.16217,-84.24231700000001
176255,25115,6080 VALLEY STREAM DR,Invalid,6080 VALLEY STREAM DR, 30040,34.170574,-84.24664200000001
176594,25115,5784 WILLS WOOD CIR,Invalid,5784 WILLS WOOD CIR, 30040,34.164606,-84.24201299999999
176641,25115,5860 ROGERS RD,Invalid,5860 ROGERS RD, 30040,34.166238,-84.24780699999997
176691,25115,3805 FRANCIS CIR,Invalid,3805 FRANCIS CIR, 30004,34.148959,-84.241646
135839,25116,CANDLER WALK & CAMERON CT,Invalid,CANDLER WALK & CAMERON CT,32.55795173555951,-81.67372081428766
150668,25116,3775 ATLANTA HWY,Invalid,3775 ATLANTA HWY, 30040,34.154423,-84.20895300000001
151238,25116,CROFTSHIRE PL & ALISTAR PARK DR,Invalid,Croftshire Pl & Alister Park Dr, 30040,-31.798510108497823,149.59259301424026
151358,25116,ALISTAR PARK DR & IVANHOE WLK,Invalid,Alister Park Dr & Ivanhoe Walk, 30040,19.09740313910023,-70.30280280858278
163373,25116,OXFORD PARK LN & SUTTON PARK LN,Invalid,OXFORD PARK LN & Sutton Park Ln, 30040,51.75201323732964,-1.2578500807285309
174238,25116,OXFORD PARK LN & DORCHESTER LN,Invalid,OXFORD PARK LN & DORCHESTER LN, 30040,38.68650740183727,-76.17161091417074
175942,25116,4075 OXFORD PARK LN,Invalid,4075 Oxford Park Ln, 30040,34.156393,-84.20205599999997
134177,25117,GREYHAWK LN & KENTMERE DR,Invalid,GREYHAWK LN & KENTMERE DR,39.72161578352827,-85.77280985749735
149149,25117,ATLANTA HWY & GLEN WALLACE DR,Invalid,ATLANTA HWY & GLEN WALLACE DR, 30040,19.09740313910023,-70.30280280858278
150873,25117,WILDBROOKE PKWY & PELICAN PL,Invalid,WILDBROOKE PKWY & PELICAN PL,34.13864421051801,-84.19188579868091
150930,25117,2953 GREYHAWK LN,Invalid,2953 GREYHAWK LN, 30040,34.163669,-84.18990200000002
150931,25117,3141 LAKE DR,Invalid,3141 LAKE RD, 30040,34.160445,-84.19307900000001
150992,25117,RONALD REAGAN BLVD & SUMMIT OVERLOOK WAY,Invalid,RONALD REAGAN BLVD & Summit Overlook Way, 30041,40.71823576440877,-74.35922987759113
151339,25117,3255 ATLANTA HWY,Invalid,3255 ATLANTA HWY, 30040,34.156662,-84.19489099999998
151343,25117,WILDBROOKE PKWY & SANDPIPER LN,Invalid,WILDBROOKE PKWY & SANDPIPER LN,29.617576789486822,-98.03533232117957
151344,25117,SOARING HAWK LN & SANDERLING ST,Invalid,SOARING HAWK LN & SANDERLING ST,36.21599624981116,-75.7674103975296
151360,25117,SOARING HAWK LN & SKYLARK LN,Invalid,SOARING HAWK LN & SKYLARK LN,49.457498564858014,13.783616982400417
151452,25117,3300 SHORE DR,Invalid,3300 SHORE DR, 30040,34.164639,-84.19246199999998
164766,25117,3116 ATLANTA HWY,Invalid,3116 ATLANTA HWY, 30040,34.159745,-84.192655
172561,25117,3151 LAKE RD,Invalid,3151 LAKE RD, 30040,34.160584,-84.19333899999998
134175,25118,WHIRLAWAY DR & JONABELL LN,Invalid,WHIRLAWAY DR & JONABELL LN,28.27986769459084,-81.3216224899574
146261,25118,WAVELAND DR & COLD STREAM DR,Invalid,WAVELAND DR & COLD STREAM DR,39.3395441148637,-78.44195298850536
149144,25118,RAVINE FOREST DR & OAK VALLEY CT,Invalid,RAVINE FOREST DR & OAK VALLEY CT, 30040,32.03348790184445,-96.51304084807634
149145,25118,RIDGE FOREST WK & GREEN OAK RDG,Invalid,RIDGE FOREST WALK & GREEN OAK RDG, 30040,41.470410951717575,-79.32921915043192
149146,25118,RIDGE FOREST WK & OAK VALLEY DR,Invalid,RIDGE FOREST WALK & OAK VALLEY DR, 30040,32.03348790184445,-96.51304084807634
149147,25118,COLLINGHAM TRCE & LENBROOK CT,Invalid,COLLINGHAM TRCE & LENBROOK CT, 30040,34.16533307369781,-84.19935705140233
149194,25118,6010 TURFWAY DR,Invalid,6010 TURFWAY DR, 30040,34.170096,-84.17523299999999
149403,25118,WAVELAND DR & WAFARE CV,Invalid,WAVELAND DR & WAFARE CV, 30040,34.169888510827704,-84.17440949007869
149404,25118,6395 WAVELAND DR,Invalid,6395 WAVELAND DR, 30040,34.173265,-84.17442399999999
150179,25118,7130 MAJORS RD,Invalid,7130 MAJORS RD, 30040,34.158776,-84.19883400000003
150921,25118,FOWLER RD & MARSH VIEW DR,Invalid,FOWLER RD & MARSH VIEW DR, 30004,19.09740313910023,-70.30280280858278
151057,25118,BROOKVIEW DR & CANDLER WALK,Invalid,BROOKVIEW DR & CANDLER WALK,19.09740313910023,-70.30280280858278
151237,25118,ASHFORD MANOR DR & KENT PL,Invalid,ASHFORD MANOR WAY & KENT PL,51.15550250178987,0.8598012428933544
151286,25118,7130 ASHFORD MANOR WAY,Invalid,7130 ASHFORD MANOR WAY,34.16088,-84.20442300000002
151355,25118,COLLINGHAM TRCE & RAVINE FOREST DR,Invalid,COLLINGHAM TRCE & RAVINE FOREST DR, 30040,53.41398019703459,26.039309911429882
151356,25118,BROOKVIEW DR & COPELY WLK,Invalid,Brookview Dr & Copely Walk, 30040,18.762740064462577,-69.51588090509176
151357,25118,CROFTSHIRE PL & ATWOOD DR,Invalid,Croftshire Pl & Atwood Dr, 30040,34.15856823654525,-84.20870435288958
173214,25118,BENNETT PKWY & PINNACLE VW RD,Invalid,,,
173630,25118,GLOVER DR & JENNINGS CT,Invalid,GLOVER DR & JENNINGS CT, 30040,41.65002021118698,-72.7342165634036
174634,25118,BETHELVIEW DR & WESLEY DR,Invalid,BETHELVIEW DR & WESLEY DR, 30040,34.16279306657994,-84.18053822210919
176692,25118,7030 MAJORS RD,Invalid,7030 MAJORS RD, 30040,34.161037,-84.199724
133117,25119,2235 ROSE WALK DR,Invalid,2235 ROSE WALK DR,34.10006,-84.19336499999997
139389,25119,SPRINGMONTE PL & SPRINGMONTE LN,Invalid,SPRINGMONTE PL & SPRINGMONTE LN, 30041,34.10668494469712,-84.18548852205276
147322,25119,SPRINGMONTE PL & GREEN COVE CT,Invalid,SPRINGMONTE PL & GREEN COVE CT, 30041,49.637398045896376,-54.59243807941675
147323,25119,SPRING HARBOR DR & HARBOR COVE CT,Invalid,SPRING HARBOR DR & HARBOR COVE CT, 30041,41.65002021118698,-72.7342165634036
147744,25119,CROSS SPRINGS DR & MARYMOUNT DR,Invalid,CROSS SPRINGS DR & MARYMOUNT DR, 30041,19.09740313910023,-70.30280280858278
149255,25119,3070 ROCKY BROOK DR,Invalid,3070 ROCKY BROOK DR, 30005,34.09429,-84.190627
149256,25119,ROSE WALK DR & ROSE MEADOW LN,Invalid,ROSE WALK DR & ROSE MEADOW LN, 30005,43.32874930172778,5.4265037924051285
149257,25119,425 WHITE ROSE TRCE,Invalid,425 WHITE ROSE TRCE, 30005,34.09799,-84.196462
149258,25119,ROSEWOOD DR & WHITE ROSE TRCE,Invalid,ROSEWOOD DR & WHITE ROSE TRCE, 30005,35.33201372699774,-92.08128120750189
149259,25119,GLENROSE TRL & ROSEWOOD DR,Invalid,GLENROSE TRL & ROSEWOOD DR, 30005,34.09684680944389,-84.19393690335608
149260,25119,CHRISTOPHER ROBIN RD & ROBINS WALK,Invalid,CHRISTOPHER ROBIN RD & ROBINS WALK, 30005,19.09740313910023,-70.30280280858278
149261,25119,LONGPOINTE PASS & LEGEND RUN,Invalid,LONGPOINTE PASS & LEGEND RUN, 30005,34.09626656233255,-84.19973676973734
149262,25119,LONGPOINTE PASS & HONOR RUN,Invalid,LONGPOINTE PASS & HONOR RUN, 30005,34.09463413389829,-84.1989414217067
149263,25119,2325 CROSS SPRINGS DR,Invalid,2325 CROSS SPRINGS DR, 30041,34.10992,-84.18393500000002
149419,25119,5460 HASTINGS TER,Invalid,5460 HASTINGS TER, 30005,34.094861,-84.201593
149766,25119,PLYMOUTH PL & HASTINGS TER,Invalid,PLYMOUTH PL & HASTINGS TER, 30005,50.371412300596006,-4.1424451768398285
151782,25119,VALLEY BROOK DR & SHADOW BROOK WAY,Invalid,VALLEY BROOK DR & SHADOW BROOK WAY, 30005,35.40235735519192,-97.48123218399604
163552,25119,305 ROSEWOOD DR,Invalid,,,
147312,25120,RIVES DR & KENNEMORE DR,Invalid,RIVES DR & KENNEMORE DR, 30004,34.131217813748954,-84.22344777382216
150096,25120,2515 MONET DR,Invalid,2515 MONET DR, 30041,34.130918,-84.20249799999999
150097,25120,2635 MONET DR,Invalid,2635 MONET DR, 30041,34.132173,-84.20257500000002
150683,25120,2405 MONET DR,Invalid,2405 MONET DR, 30041,34.129405,-84.20242999999999
150823,25120,5870 RIVES DR,Invalid,5870 RIVES DR, 30004,34.13078,-84.22288300000002
151421,25120,MONET DR & APREMONT DR,Invalid,MONET DR & APREMONT DR, 30041,19.782798916096805,-71.61200596755384
163732,25120,SHEPHERDS PD & BRYSON LN,Invalid,,,
163733,25120,SHEPHERDS PD & KENNEMORE DR,Invalid,,,
163735,25120,SHEPHERDS PD & ADERHOLD WAY,Invalid,,,
169762,25120,5335 FAIRMONT GLEN,Invalid,5335 FAIRMONT GLN, 30004,34.135522,-84.22212400000001
149847,25121,ATLANTA HWY & WINDSOR LN,Invalid,ATLANTA HWY & WINDSOR LN, 30004,34.133230610239345,-84.25252086232092
150885,25121,WESBOUROUGH PL & SONOMA CHSE,Invalid,WESBOUROUGH PL & SONOMA CHSE,34.113408676936935,-84.25686399230773
150886,25121,WESBOUROUGH PL & BENZIGER TRL,Invalid,WESBOUROUGH PL & BENZIGER TRL,34.10979430744577,-84.25521442892546
166495,25121,CRESTED MOSS DR & APPLE ROSE DR,Invalid,CRESTED MOSS DR & APPLE ROSE DR, 30004,59.41133515264586,10.666414566499498
173561,25121,VIRGINIA BROOK LN & STELLA DR,Invalid,VIRGINIA BROOK LN & STELLA DR, 30040,38.946498925543175,-78.43917421996593
146263,25122,CARRICK RD & WHITFIELD AVE,Invalid,CARRICK RD & WHITFIELD AVE,1.5376057022252974,30.235590456187197
149148,25122,ATLANTA HWY & CROSS CREEK CT,Invalid,ATLANTA HWY & CROSS CREEK CT, 30040,46.32835350727707,-66.69585371507043
149917,25122,CROSS CREEK DR & AMBERGLEN CT,Invalid,CROSS CREEK DR & AMBERGLEN CT,46.32835350727707,-66.69585371507043
165305,25122,WILD VIOLET WAY & WILD THORNE CT,Invalid,WILD VIOLET WAY & WILD THORNE CT, 30040,41.65002021118698,-72.7342165634036
173339,25122,3116 CROSS CREEK DR,Invalid,3116 CROSS CREEK DR, 30040,34.157125,-84.18942400000003
174134,25122,WILD VIOLET DR & PRAIRIE LN,Invalid,WILD VIOLET DR & PRAIRIE LN, 30040,19.09740313910023,-70.30280280858278
175445,25122,7310 WILD VIOLET DR,Invalid,,,
175650,25122,7525 WILD VIOLET DR,Invalid,7525 Wild Violet Dr, 30040,34.165761,-84.21352300000001
175840,25122,7685 WILD VIOLET DR,Invalid,7685 Wild Violet Dr, 30040,34.166168,-84.21673099999998
138011,25123,SHILOH SPRINGS RD & SHILOH SPRINGS RD,Invalid,SHILOH SPRINGS RD & SHILOH SPRINGS RD, 30040,19.09740313910023,-70.30280280858278
149705,25123,4760 SHILOH CROSSING WAY,Invalid,4760 SHILOH CROSSING WAY, 30040,34.143169,-84.19923499999999
150924,25123,5620 SHILOH WOODS DR,Invalid,5620 SHILOH WOODS DR, 30040,34.130445,-84.21340199999997
150925,25123,6140 SHILOH WOODS DR,Invalid,6140 SHILOH WOODS DR, 30040,34.128948,-84.212108
150926,25123,5285 SHILOH WOODS DR,Invalid,5285 SHILOH WOODS DR, 30040,34.132243,-84.211142
175611,25123,625 UNION HILL RD,Invalid,625 UNION HILL RD, 30004,34.13146,-84.226946
175654,25123,615 UNIION HILL RD,Invalid,615 UNION HILL RD, 30004,34.131699,-84.226697
133113,25124,2235 STONEY POINT FARM RD,Invalid,2235 STONEY POINT FARM RD,34.126491,-84.19390799999996
143644,25124,STONEY POINT RD & RAVENS RIDGE DR,Invalid,STONEY POINT RD & RAVENS RIDGE DR, 30041,45.89362263047396,-61.06068167835474
145968,25124,2275 MINDY LN,Invalid,2275 MINDY LN,34.126968,-84.195626
145970,25124,2115 STONEY POINT FARM RD,Invalid,2115 STONEY POINT FARM RD,34.12882,-84.19473299999999
146275,25124,WOODCREEK DR & CLUB LAND TRAIL,Invalid,WOODCREEK DR & CLUB LAND TRAIL,19.09740313910023,-70.30280280858278
149268,25124,STONEY POINT RD & LANGSTRATH LN,Invalid,STONEY POINT RD & LANGSTRATH LN, 30041,42.30485042948978,-82.54797041416168
150752,25124,STONEY POINT RD & LAURENBROOKE CT,Invalid,STONEY POINT RD & LAURENBROOKE CT, 30041,42.30485042948978,-82.54797041416168
150834,25124,1785 STONEY POINT RD,Invalid,1785 STONEY POINT RD, 30041,34.133318,-84.18924500000003
150933,25124,1825 STONEY POINT RD,Invalid,1825 STONEY POINT RD, 30041,34.132755,-84.18845899999997
150938,25124,1757 STONEY POINT RD,Invalid,1757 STONEY POINT RD, 30041,34.133934,-84.18857500000001
173287,25124,1525 WOODCREEK DR,Invalid,1525 WOODCREEK DR, 30041,34.135105,-84.18272100000002
138021,25125,5990 SOMERSBY CIR,Invalid,5990 SOMERSBY CIR,34.124884,-84.20488999999998
144087,25125,157 FOWLER HILL RD,Invalid,157 FOWLER HILL RD, 30004,34.144716,-84.21905300000003
144617,25125,635 MONTGOMERY AVE,Invalid,635 MONTGOMERY AVE,34.13812,-84.216275
147736,25125,5810 SOMERSBY CIR,Invalid,5810 SOMERSBY CIR,34.122394,-84.20540499999998
150101,25125,MONTGOMERY AVE & LOCKWOOD PL,Invalid,MONTGOMERY AVE & LOCKWOOD PL, 30004,32.377711276587945,-86.30907755345106
150682,25125,6010 STANSBURY SMT,Invalid,6010 STANSBURY SMT,34.122061,-84.20259799999997
163699,25125,UNION HILL RD & HAVEN CREST LN,Invalid,,,
168990,25125,173 FOWLER HILL RD,Invalid,173 FOWLER HILL RD, 30004,34.144495,-84.21733499999999
147680,25126,WATERBROOKE XING & WOODBINE WAY,Invalid,WATERBROOKE XING & WOODBINE WAY, 30004,34.15940310779188,-84.22567160512818
147734,25126,5265 BRIERSTONE DR,Invalid,5265 BRIERSTONE DR,34.162507,-84.226451
148107,25126,6962 POST RD,Invalid,6962 POST RD, 30040,34.165748,-84.23675100000003
151534,25126,ROCKING HORSE LN & ROCKING HORSE LN,Invalid,ROCKING HORSE LN & ROCKING HORSE LN, 30040,41.92639910411392,8.737602643668652
163728,25126,WATERBROOK XING & BREEZEWOOD CIR,Invalid,,,
163729,25126,WATERBROOK XING & DUCOTE TRL,Invalid,,,
164567,25126,7180 POST PARK WAY,Invalid,7180 Post Park Way,34.162654,-84.23448000000002
175018,25126,5035 HAZELWOOD CT,Invalid,5035 HAZELWOOD DRIVE,34.161022,-84.22486000000004
175905,25126,4625 ATLANTA HWY,Invalid,4625 ATLANTA HWY, 30004,34.157149,-84.22945900000002
176256,25126,DERBY CT & DERBY TRL,Invalid,DERBY CT & DERBY TRL, 30040,41.322361121038114,-73.08903258293867
143617,25127,584 TIDWELL RD,Invalid,584 TIDWELL RD, 30004,34.121296,-84.25178299999999
144093,25127,TIDWELL RD & PORT ST,Invalid,TIDWELL RD & Port St, 30004,-7.034916962048678,29.763805903494358
149161,25127,TIDWELL RD & FERNWOOD CT,Invalid,TIDWELL RD & FERNWOOD CT, 30004,41.26926524791957,-72.36647296696901
150242,25127,TIDWELL DR & MELILOT LN,Invalid,TIDWELL DR & MELILOT LN, 30004,34.10767112351971,-84.2437990051726
150416,25127,705 TIDWELL RD,Invalid,705 TIDWELL RD, 30004,34.115843,-84.247571
166547,25127,600 TIDWELL RD,Invalid,600 TIDWELL RD, 30004,34.120655,-84.251776
173069,25127,748 TIDWELL RD,Invalid,748 TIDWELL RD, 30004,34.113295,-84.24994800000002
173368,25127,536 TIDWELL RD,Invalid,536 TIDWELL RD, 30004,34.122855,-84.25106099999999
175637,25127,210 MARTIN DR,Invalid,210 MARTIN DR, 30004,34.129177,-84.24861799999996
175988,25127,THORNBOROUGH DR & BENDLETON TRCE,Invalid,THORNBOROUGH DR & BENDLETON TRCE, 30004,19.09740313910023,-70.30280280858278
176584,25127,695 TIDWELL RD,Invalid,695 TIDWELL RD, 30004,34.116818,-84.24768799999998
127442,25128,1505 GRAND JCT,Invalid,,,
130929,25128,OVERLAND XING & TRELLIS PL,Invalid,OVERLAND XING & TRELLIS PL,47.18588499264004,9.54522080719471
130930,25128,GRAND JCT & DRAYTON CT,Invalid,GRAND JCT & DRAYTON CT,51.6636416480703,-1.1381779830733194
130931,25128,GRAND JCT & OVERLAND XING,Invalid,GRAND JCT & OVERLAND XING,47.32723380536571,130.26847667992115
131218,25128,TRELLIS PL & WEDGEFIELD CT,Invalid,TRELLIS PL & WEDGEFIELD CT,41.65002021118698,-72.7342165634036
131219,25128,TRELLIS PL & TRELLIS XING,Invalid,TRELLIS PL & TRELLIS XING,41.6536715518948,-80.82922135919273
131221,25128,CHADBOURNE TRL & SPRING FIELD CT,Invalid,CHADBOURNE TRL & SPRING FIELD CT,-6.346827109946807,106.3553651545351
132533,25128,CHADBOURNE TRL & RIDGELAND PL,Invalid,CHADBOURNE TRL & RIDGELAND PL,34.12401978157452,-84.24459250455618
132535,25128,CHADBOURNE TRL & RIDGE SPRING CT,Invalid,CHADBOURNE TRL & RIDGE SPRING CT,40.346325003875776,-77.26146891234436
135867,25128,OVERLAND XING & FIRESIDE PL,Invalid,OVERLAND XING & FIRESIDE PL,,16.41844242660629,-61.5288807079196
136743,25128,HIGHLAND PASS & TWO ROCK CT,Invalid,HIGHLAND PASS & TWO ROCK CT,,38.266306061944185,-122.79221333563328
137911,25128,GRAND JCT & HIGHLAND PASS,Invalid,GRAND JCT & HIGHLAND PASS, 30004,42.28537599011557,-71.15671992301941
137926,25128,OVERLAND XING & FAIRWIND CT,Invalid,OVERLAND XING & FAIRWIND CT, 30004,41.65002021118698,-72.7342165634036
141007,25128,CHADBOURNE TRL & HIGHLAND PASS,Invalid,CHADBOURNE TRL & HIGHLAND PASS, 30004,42.28537599011557,-71.15671992301941
142753,25128,2720 HIGHLAND PASS,Invalid,2720 Highland Pass,34.123075,-84.24124899999998
145976,25128,FAIRCREST LN & FAIRCREST XING,Invalid,FAIRCREST LN & FAIRCREST LN,47.22213685397031,-122.51747170493411
