StudentId	StudentName	School	Bus
132533	Avery Lee	Denmark High School	25101
132534	Ethan Garcia	Denmark High School	25101
132535	Avery Martin	Denmark High School	25101
135832	Harper Gonzalez	Denmark High School	25101
135833	Benjamin Davis	Denmark High School	25101
135834	Charlotte Thompson	Denmark High School	25101
137687	Daniel White	Denmark High School	25101
137688	Daniel White	Denmark High School	25101
137689	Henry Taylor	Denmark High School	25101
139286	Aria Anderson	Denmark High School	25101
139287	Michael Perez	Denmark High School	25101
139288	Aiden Davis	Denmark High School	25101
141007	Emma Jackson	Denmark High School	25101
141008	Ella Clark	Denmark High School	25101
141009	Emma Moore	Denmark High School	25101
147738	Amelia Davis	Denmark High School	25101
147739	Lucas Davis	Denmark High School	25101
147740	Camila Lewis	Denmark High School	25101
150891	Sofia Anderson	Denmark High School	25101
150892	Aiden Lopez	Denmark High School	25101
150893	Avery Thompson	Denmark High School	25101
151171	Alexander Lee	Denmark High School	25101
151172	Harper Perez	Denmark High School	25101
151173	Alexander Sanchez	Denmark High School	25101
164732	Jackson Miller	Denmark High School	25101
164733	Sofia Lewis	Denmark High School	25101
164734	James Ramirez	Denmark High School	25101
165317	Mia Williams	Denmark High School	25101
165318	Charlotte Thomas	Denmark High School	25101
165319	Noah Lewis	Denmark High School	25101
167106	Charlotte Jackson	Denmark High School	25101
167107	Aria Gonzalez	Denmark High School	25101
167108	Elijah Moore	Denmark High School	25101
167136	Isabella Wilson	Denmark High School	25101
167137	Avery Johnson	Denmark High School	25101
167138	Mason Miller	Denmark High School	25101
134199	Mia Brown	Denmark High School	25102
134200	Amelia Martinez	Denmark High School	25102
134201	Sophia Jones	Denmark High School	25102
149159	Henry Rodriguez	Denmark High School	25102
149160	James Williams	Denmark High School	25102
149161	Isabella Miller	Denmark High School	25102
149160	Aiden Perez	Denmark High School	25102
149161	James Hernandez	Denmark High School	25102
149162	Emma Thomas	Denmark High School	25102
149161	Ethan Robinson	Denmark High School	25102
149162	Amelia Wilson	Denmark High School	25102
149163	Ethan Davis	Denmark High School	25102
149670	Abigail Lee	Denmark High School	25102
149671	Abigail Ramirez	Denmark High School	25102
149672	Harper Davis	Denmark High School	25102
149671	Aiden Jackson	Denmark High School	25102
149672	Emma White	Denmark High School	25102
149673	Evelyn Perez	Denmark High School	25102
150059	Isabella Ramirez	Denmark High School	25102
150060	Logan Garcia	Denmark High School	25102
150061	Henry Robinson	Denmark High School	25102
150822	Logan Thomas	Denmark High School	25102
150823	Mia Johnson	Denmark High School	25102
150824	Abigail Perez	Denmark High School	25102
151040	Jackson Lewis	Denmark High School	25102
151041	Jackson Harris	Denmark High School	25102
151042	Avery Rodriguez	Denmark High School	25102
151338	Emma Harris	Denmark High School	25102
151339	Sofia Smith	Denmark High School	25102
151340	Aiden Perez	Denmark High School	25102
166306	Logan Perez	Denmark High School	25102
166307	Henry Harris	Denmark High School	25102
166308	Isabella Harris	Denmark High School	25102
166810	Aiden Taylor	Denmark High School	25102
166811	Charlotte Wilson	Denmark High School	25102
166812	Harper Lewis	Denmark High School	25102
169463	Sofia Martin	Denmark High School	25102
169464	Benjamin Miller	Denmark High School	25102
169465	Mason Sanchez	Denmark High School	25102
176000	Avery Smith	Denmark High School	25102
176001	Ella Smith	Denmark High School	25102
176002	Harper Garcia	Denmark High School	25102
141078	Benjamin Anderson	Denmark High School	25103
141079	Avery Perez	Denmark High School	25103
141080	Aria Jones	Denmark High School	25103
144107	Daniel Thompson	Denmark High School	25103
144108	Liam Thompson	Denmark High School	25103
144109	Noah Jackson	Denmark High School	25103
144108	Henry Garcia	Denmark High School	25103
144109	James White	Denmark High School	25103
144110	Evelyn Brown	Denmark High School	25103
150327	Alexander Martin	Denmark High School	25103
150328	Jackson Garcia	Denmark High School	25103
150329	Emma Sanchez	Denmark High School	25103
150328	Benjamin Hernandez	Denmark High School	25103
150329	Olivia Taylor	Denmark High School	25103
150330	Camila Robinson	Denmark High School	25103
150823	James Clark	Denmark High School	25103
150824	Ethan Moore	Denmark High School	25103
150825	Harper Moore	Denmark High School	25103
165380	Harper Wilson	Denmark High School	25103
165381	Abigail Clark	Denmark High School	25103
165382	Charlotte Brown	Denmark High School	25103
134813	Ella Gonzalez	Denmark High School	25104
134814	Logan Anderson	Denmark High School	25104
134815	Olivia Robinson	Denmark High School	25104
135327	Jackson Jackson	Denmark High School	25104
135328	Camila Martin	Denmark High School	25104
135329	Aiden White	Denmark High School	25104
135328	James Smith	Denmark High School	25104
135329	James Sanchez	Denmark High School	25104
135330	Harper Ramirez	Denmark High School	25104
135329	Emma Martinez	Denmark High School	25104
135330	Benjamin Sanchez	Denmark High School	25104
135331	Olivia Anderson	Denmark High School	25104
151011	Harper Thomas	Denmark High School	25104
151012	Harper Robinson	Denmark High School	25104
151013	Emma Jackson	Denmark High School	25104
139377	Aria Martin	Denmark High School	25105
139378	Mason Thompson	Denmark High School	25105
139379	James Thomas	Denmark High School	25105
143404	Jackson Clark	Denmark High School	25105
143405	Evelyn Clark	Denmark High School	25105
143406	Sophia Williams	Denmark High School	25105
149153	Aiden Sanchez	Denmark High School	25105
149154	Lucas Gonzalez	Denmark High School	25105
149155	Benjamin Perez	Denmark High School	25105
149155	Emma Lee	Denmark High School	25105
149156	Sofia Wilson	Denmark High School	25105
149157	Logan Jones	Denmark High School	25105
150892	Alexander Hernandez	Denmark High School	25105
150893	Harper Jones	Denmark High School	25105
150894	Aria Gonzalez	Denmark High School	25105
134320	Emma Davis	Denmark High School	25106
134321	Benjamin Lee	Denmark High School	25106
134322	James Hernandez	Denmark High School	25106
135565	Benjamin Hernandez	Denmark High School	25106
135566	Benjamin Brown	Denmark High School	25106
135567	Ethan Martin	Denmark High School	25106
144126	Noah Thompson	Denmark High School	25106
144127	Noah Miller	Denmark High School	25106
144128	Mason Sanchez	Denmark High School	25106
150469	Jackson Jones	Denmark High School	25106
150470	Amelia Lee	Denmark High School	25106
150471	Evelyn Anderson	Denmark High School	25106
150888	Mason Moore	Denmark High School	25106
150889	Abigail Sanchez	Denmark High School	25106
150890	Logan Davis	Denmark High School	25106
150889	Harper Lee	Denmark High School	25106
150890	Elijah Martin	Denmark High School	25106
150891	Abigail Hernandez	Denmark High School	25106
151025	Benjamin Smith	Denmark High School	25106
151026	Daniel Lopez	Denmark High School	25106
151027	Aiden Jackson	Denmark High School	25106
168179	Charlotte Miller	Denmark High School	25106
168180	Mason Robinson	Denmark High School	25106
168181	Noah Thompson	Denmark High School	25106
133112	Lucas Martinez	Denmark High School	25107
133113	Elijah Rodriguez	Denmark High School	25107
133114	Lucas Clark	Denmark High School	25107
134183	Evelyn Brown	Denmark High School	25107
134184	Ella Smith	Denmark High School	25107
134185	Logan Wilson	Denmark High School	25107
134185	Amelia Wilson	Denmark High School	25107
134186	Abigail Sanchez	Denmark High School	25107
134187	Mia Ramirez	Denmark High School	25107
139391	Abigail Garcia	Denmark High School	25107
139392	Mia Hernandez	Denmark High School	25107
139393	Ethan Smith	Denmark High School	25107
146266	Elijah Garcia	Denmark High School	25107
146267	Daniel Martinez	Denmark High School	25107
146268	Ethan Martinez	Denmark High School	25107
146267	Aria White	Denmark High School	25107
146268	Sophia Thomas	Denmark High School	25107
146269	Sophia Lewis	Denmark High School	25107
146268	Olivia Jackson	Denmark High School	25107
146269	Avery Davis	Denmark High School	25107
146270	Charlotte Anderson	Denmark High School	25107
146270	Henry Rodriguez	Denmark High School	25107
146271	Benjamin Anderson	Denmark High School	25107
146272	Charlotte Miller	Denmark High School	25107
149266	Emma Wilson	Denmark High School	25107
149267	Aiden Sanchez	Denmark High School	25107
149268	Elijah Gonzalez	Denmark High School	25107
149267	Evelyn Clark	Denmark High School	25107
149268	Aiden Thompson	Denmark High School	25107
149269	Sophia White	Denmark High School	25107
149268	Liam Clark	Denmark High School	25107
149269	Emma Martinez	Denmark High School	25107
149270	Harper Garcia	Denmark High School	25107
134200	Ella Anderson	Denmark High School	25108
134201	Daniel Brown	Denmark High School	25108
134202	Sophia Martin	Denmark High School	25108
134201	Benjamin Thomas	Denmark High School	25108
134202	Lucas Clark	Denmark High School	25108
134203	Aiden Brown	Denmark High School	25108
149271	Sofia Smith	Denmark High School	25108
149272	Harper Brown	Denmark High School	25108
149273	Noah Martinez	Denmark High School	25108
149272	Jackson Davis	Denmark High School	25108
149273	Harper Clark	Denmark High School	25108
149274	Aiden Robinson	Denmark High School	25108
149273	Michael Johnson	Denmark High School	25108
149274	Camila Brown	Denmark High School	25108
149275	Emma Miller	Denmark High School	25108
149274	Avery Thomas	Denmark High School	25108
149275	Sofia Rodriguez	Denmark High School	25108
149276	Harper Johnson	Denmark High School	25108
149407	Alexander Thomas	Denmark High School	25108
149408	Sophia Smith	Denmark High School	25108
149409	Olivia Brown	Denmark High School	25108
149672	Elijah Williams	Denmark High School	25108
149673	Alexander Clark	Denmark High School	25108
149674	James Miller	Denmark High School	25108
149707	Daniel Jones	Denmark High School	25108
149708	Olivia Brown	Denmark High School	25108
149709	Evelyn Wilson	Denmark High School	25108
149735	Liam White	Denmark High School	25108
149736	Charlotte Robinson	Denmark High School	25108
149737	Henry Williams	Denmark High School	25108
149880	Avery Jackson	Denmark High School	25108
149881	Elijah Thomas	Denmark High School	25108
149882	Ethan Gonzalez	Denmark High School	25108
151720	Benjamin Anderson	Denmark High School	25108
151721	Mia Hernandez	Denmark High School	25108
151722	Isabella Ramirez	Denmark High School	25108
151721	Jackson Williams	Denmark High School	25108
151722	Elijah Lopez	Denmark High School	25108
151723	Amelia Garcia	Denmark High School	25108
165307	Mia Robinson	Denmark High School	25108
165308	Avery Harris	Denmark High School	25108
165309	Olivia Williams	Denmark High School	25108
165900	Ethan Jones	Denmark High School	25108
165901	Ella Moore	Denmark High School	25108
165902	Aiden Sanchez	Denmark High School	25108
166926	Alexander Martinez	Denmark High School	25108
166927	Mia Jones	Denmark High School	25108
166928	Noah Ramirez	Denmark High School	25108
169973	Alexander Lopez	Denmark High School	25108
169974	James Brown	Denmark High School	25108
169975	Elijah Williams	Denmark High School	25108
173758	Avery Lewis	Denmark High School	25108
173759	Mia Sanchez	Denmark High School	25108
173760	Aiden Wilson	Denmark High School	25108
147407	Noah Perez	Denmark High School	25109
147408	Sofia Robinson	Denmark High School	25109
147409	Alexander Williams	Denmark High School	25109
151608	Jackson Brown	Denmark High School	25109
151609	Benjamin Martin	Denmark High School	25109
151610	Elijah Harris	Denmark High School	25109
151626	Evelyn Moore	Denmark High School	25109
151627	Sophia Lopez	Denmark High School	25109
151628	Benjamin Jackson	Denmark High School	25109
151775	Mason Harris	Denmark High School	25109
151776	Aria Gonzalez	Denmark High School	25109
151777	Charlotte Robinson	Denmark High School	25109
173552	Charlotte Anderson	Denmark High School	25109
173553	Abigail Clark	Denmark High School	25109
173554	Liam Garcia	Denmark High School	25109
143562	Camila Williams	Denmark High School	25110
143563	Amelia Miller	Denmark High School	25110
143564	Amelia Miller	Denmark High School	25110
145981	Aria Johnson	Denmark High School	25110
145982	Avery Lee	Denmark High School	25110
145983	Benjamin Jackson	Denmark High School	25110
148968	Emma Gonzalez	Denmark High School	25110
148969	Evelyn Gonzalez	Denmark High School	25110
148970	Sophia Sanchez	Denmark High School	25110
149254	Isabella Lee	Denmark High School	25110
149255	Emma Wilson	Denmark High School	25110
149256	Lucas Thompson	Denmark High School	25110
150677	Ethan Rodriguez	Denmark High School	25110
150678	Mason Brown	Denmark High School	25110
150679	Mia Taylor	Denmark High School	25110
150678	Sofia Taylor	Denmark High School	25110
150679	Michael Smith	Denmark High School	25110
150680	Amelia Martinez	Denmark High School	25110
150961	Olivia Robinson	Denmark High School	25110
150962	Mason Wilson	Denmark High School	25110
150963	Ella Wilson	Denmark High School	25110
151056	Isabella Anderson	Denmark High School	25110
151057	Sofia Davis	Denmark High School	25110
151058	Liam Johnson	Denmark High School	25110
151229	Olivia Garcia	Denmark High School	25110
151230	Noah Sanchez	Denmark High School	25110
151231	Henry Jones	Denmark High School	25110
151343	James Martin	Denmark High School	25110
151344	Mason Robinson	Denmark High School	25110
151345	Emma Clark	Denmark High School	25110
151734	Jackson Smith	Denmark High School	25110
151735	Sophia Sanchez	Denmark High School	25110
151736	Elijah Johnson	Denmark High School	25110
151735	Sophia Clark	Denmark High School	25110
151736	Harper Garcia	Denmark High School	25110
151737	Elijah Clark	Denmark High School	25110
151736	Emma Robinson	Denmark High School	25110
151737	Isabella Perez	Denmark High School	25110
151738	Mason Davis	Denmark High School	25110
164187	Olivia Lopez	Denmark High School	25110
164188	Harper Miller	Denmark High School	25110
164189	Ethan Perez	Denmark High School	25110
173075	Abigail Martin	Denmark High School	25110
173076	Logan Smith	Denmark High School	25110
173077	Logan Sanchez	Denmark High School	25110
174138	Mason Sanchez	Denmark High School	25110
174139	Aiden Jackson	Denmark High School	25110
174140	Logan Thompson	Denmark High School	25110
175998	Aria Martinez	Denmark High School	25110
175999	Elijah Hernandez	Denmark High School	25110
176000	Jackson Taylor	Denmark High School	25110
139317	Lucas Thompson	Denmark High School	25111
139318	Aiden Martin	Denmark High School	25111
139319	Charlotte Taylor	Denmark High School	25111
147749	Ella Lopez	Denmark High School	25111
147750	Noah Perez	Denmark High School	25111
147751	Amelia Perez	Denmark High School	25111
149253	Evelyn Williams	Denmark High School	25111
149254	Mia Perez	Denmark High School	25111
149255	Daniel Clark	Denmark High School	25111
149255	Isabella Martin	Denmark High School	25111
149256	Daniel Robinson	Denmark High School	25111
149257	Emma Martin	Denmark High School	25111
149265	Sofia Rodriguez	Denmark High School	25111
149266	Amelia Johnson	Denmark High School	25111
149267	Olivia Johnson	Denmark High School	25111
149270	Emma Smith	Denmark High School	25111
149271	Sophia Rodriguez	Denmark High School	25111
149272	Michael Clark	Denmark High School	25111
150613	Michael Lee	Denmark High School	25111
150614	Henry Jackson	Denmark High School	25111
150615	Mason Robinson	Denmark High School	25111
150724	Ella Jones	Denmark High School	25111
150725	Noah Davis	Denmark High School	25111
150726	Jackson Wilson	Denmark High School	25111
150828	Daniel Perez	Denmark High School	25111
150829	Jackson Thomas	Denmark High School	25111
150830	Charlotte Clark	Denmark High School	25111
151277	Isabella Martin	Denmark High School	25111
151278	Sofia Taylor	Denmark High School	25111
151279	Henry Hernandez	Denmark High School	25111
151450	Sofia White	Denmark High School	25111
151451	James Garcia	Denmark High School	25111
151452	Sofia Garcia	Denmark High School	25111
165953	Alexander Jones	Denmark High School	25111
165954	Charlotte Miller	Denmark High School	25111
165955	Jackson Thomas	Denmark High School	25111
176679	Amelia Robinson	Denmark High School	25111
176680	Aria Sanchez	Denmark High School	25111
176681	Liam Martinez	Denmark High School	25111
140963	Noah Thomas	Denmark High School	25112
140964	Sophia White	Denmark High School	25112
140965	James Johnson	Denmark High School	25112
143492	Emma Clark	Denmark High School	25112
143493	Noah Perez	Denmark High School	25112
143494	Sophia Jones	Denmark High School	25112
143668	James Clark	Denmark High School	25112
143669	Lucas Moore	Denmark High School	25112
143670	Mason Gonzalez	Denmark High School	25112
144012	Ethan Thompson	Denmark High School	25112
144013	Sophia White	Denmark High School	25112
144014	Sophia Brown	Denmark High School	25112
144013	Harper Gonzalez	Denmark High School	25112
144014	Michael Harris	Denmark High School	25112
144015	Amelia Rodriguez	Denmark High School	25112
144738	Avery Thompson	Denmark High School	25112
144739	Aria Gonzalez	Denmark High School	25112
144740	Camila Johnson	Denmark High School	25112
149119	Henry Wilson	Denmark High School	25112
149120	Harper Brown	Denmark High School	25112
149121	Alexander Thomas	Denmark High School	25112
149151	Ella Robinson	Denmark High School	25112
149152	Camila Lopez	Denmark High School	25112
149153	Charlotte Hernandez	Denmark High School	25112
149156	Isabella Williams	Denmark High School	25112
149157	Charlotte Gonzalez	Denmark High School	25112
149158	Benjamin Sanchez	Denmark High School	25112
149157	Liam Gonzalez	Denmark High School	25112
149158	Alexander Garcia	Denmark High School	25112
149159	Sophia Jackson	Denmark High School	25112
149158	Harper Brown	Denmark High School	25112
149159	Noah Garcia	Denmark High School	25112
149160	Isabella Davis	Denmark High School	25112
150374	Emma Rodriguez	Denmark High School	25112
150375	Camila Jones	Denmark High School	25112
150376	Sophia Garcia	Denmark High School	25112
150375	Ella Brown	Denmark High School	25112
150376	Henry Garcia	Denmark High School	25112
150377	Benjamin Davis	Denmark High School	25112
150376	Ethan Harris	Denmark High School	25112
150377	Benjamin Taylor	Denmark High School	25112
150378	Henry Perez	Denmark High School	25112
150418	Daniel Gonzalez	Denmark High School	25112
150419	Elijah Clark	Denmark High School	25112
150420	James Garcia	Denmark High School	25112
150446	Logan Jackson	Denmark High School	25112
150447	Benjamin Ramirez	Denmark High School	25112
150448	Amelia Thomas	Denmark High School	25112
151337	Noah Gonzalez	Denmark High School	25112
151338	Benjamin Taylor	Denmark High School	25112
151339	Henry Hernandez	Denmark High School	25112
151360	Ethan Thompson	Denmark High School	25112
151361	Amelia White	Denmark High School	25112
151362	Michael Harris	Denmark High School	25112
163588	Henry Ramirez	Denmark High School	25112
163589	Olivia Hernandez	Denmark High School	25112
163590	Abigail Harris	Denmark High School	25112
165957	Ethan Lee	Denmark High School	25112
165958	Charlotte Martinez	Denmark High School	25112
165959	Lucas Sanchez	Denmark High School	25112
168993	Avery Smith	Denmark High School	25112
168994	Lucas Miller	Denmark High School	25112
168995	Jackson Thompson	Denmark High School	25112
174238	Aiden Moore	Denmark High School	25112
174239	Evelyn Garcia	Denmark High School	25112
174240	Amelia Williams	Denmark High School	25112
175035	Aiden White	Denmark High School	25112
175036	James Jackson	Denmark High School	25112
175037	Henry Ramirez	Denmark High School	25112
175036	Avery Gonzalez	Denmark High School	25112
175037	Lucas Robinson	Denmark High School	25112
175038	Jackson Williams	Denmark High School	25112
175639	Ella Lewis	Denmark High School	25112
175640	Henry Thomas	Denmark High School	25112
175641	Amelia Moore	Denmark High School	25112
175919	Aiden Thompson	Denmark High School	25112
175920	Isabella Robinson	Denmark High School	25112
175921	Liam Miller	Denmark High School	25112
143510	Noah Davis	Denmark High School	25113
143511	Logan Ramirez	Denmark High School	25113
143512	Aiden Thompson	Denmark High School	25113
145975	Logan Moore	Denmark High School	25113
145976	Sophia Thomas	Denmark High School	25113
145977	Camila Lee	Denmark High School	25113
145976	Ella Johnson	Denmark High School	25113
145977	Aria Brown	Denmark High School	25113
145978	Isabella Garcia	Denmark High School	25113
146274	Jackson Clark	Denmark High School	25113
146275	Michael Miller	Denmark High School	25113
146276	Abigail Lewis	Denmark High School	25113
146315	Daniel White	Denmark High School	25113
146316	Evelyn Ramirez	Denmark High School	25113
146317	Henry White	Denmark High School	25113
147312	Olivia Martin	Denmark High School	25113
147313	Aria Sanchez	Denmark High School	25113
147314	Lucas Lopez	Denmark High School	25113
150023	Ella Rodriguez	Denmark High School	25113
150024	Harper Harris	Denmark High School	25113
150025	Emma Miller	Denmark High School	25113
150923	Ethan Thompson	Denmark High School	25113
150924	Sofia Moore	Denmark High School	25113
150925	Mia Ramirez	Denmark High School	25113
150929	Ethan Ramirez	Denmark High School	25113
150930	Henry Brown	Denmark High School	25113
150931	Noah Lopez	Denmark High School	25113
151132	Abigail Hernandez	Denmark High School	25113
151133	Jackson Robinson	Denmark High School	25113
151134	Noah Jackson	Denmark High School	25113
151341	Evelyn Johnson	Denmark High School	25113
151342	Abigail Rodriguez	Denmark High School	25113
151343	Benjamin Martinez	Denmark High School	25113
166045	Harper Martin	Denmark High School	25113
166046	Emma Brown	Denmark High School	25113
166047	Daniel Smith	Denmark High School	25113
169979	James Martinez	Denmark High School	25113
169980	Amelia White	Denmark High School	25113
169981	Abigail Garcia	Denmark High School	25113
170131	Olivia Williams	Denmark High School	25113
170132	Mason Anderson	Denmark High School	25113
170133	Lucas Moore	Denmark High School	25113
173495	Harper Sanchez	Denmark High School	25113
173496	James Ramirez	Denmark High School	25113
173497	Daniel Robinson	Denmark High School	25113
176694	Abigail Perez	Denmark High School	25113
176695	Aiden Taylor	Denmark High School	25113
176696	Noah Anderson	Denmark High School	25113
176695	Logan Johnson	Denmark High School	25113
176696	Liam Lee	Denmark High School	25113
176697	Alexander Rodriguez	Denmark High School	25113
147401	Daniel Johnson	Denmark High School	25114
147402	Benjamin Sanchez	Denmark High School	25114
147403	Abigail Williams	Denmark High School	25114
149669	Aiden Smith	Denmark High School	25114
149670	Harper Clark	Denmark High School	25114
149671	Benjamin Davis	Denmark High School	25114
150121	Aria Lee	Denmark High School	25114
150122	Noah Anderson	Denmark High School	25114
150123	Olivia Davis	Denmark High School	25114
150465	Olivia Perez	Denmark High School	25114
150466	Emma Thompson	Denmark High School	25114
150467	Daniel Anderson	Denmark High School	25114
143493	Mason Davis	Denmark High School	25115
143494	Avery Wilson	Denmark High School	25115
143495	Logan Robinson	Denmark High School	25115
149117	Liam Robinson	Denmark High School	25115
149118	James Taylor	Denmark High School	25115
149119	Olivia Rodriguez	Denmark High School	25115
149118	Abigail Lopez	Denmark High School	25115
149119	Jackson Jackson	Denmark High School	25115
149120	Noah Smith	Denmark High School	25115
150330	Elijah Rodriguez	Denmark High School	25115
150331	Benjamin Gonzalez	Denmark High School	25115
150332	Avery Clark	Denmark High School	25115
150331	Benjamin Jones	Denmark High School	25115
150332	Evelyn Davis	Denmark High School	25115
150333	Elijah Gonzalez	Denmark High School	25115
150739	Evelyn Hernandez	Denmark High School	25115
150740	Noah White	Denmark High School	25115
150741	Isabella Robinson	Denmark High School	25115
151139	James Robinson	Denmark High School	25115
151140	Abigail Lewis	Denmark High School	25115
151141	Sophia Lee	Denmark High School	25115
151297	Olivia Thompson	Denmark High School	25115
151298	Avery Hernandez	Denmark High School	25115
151299	Mia Jackson	Denmark High School	25115
151298	Aiden Wilson	Denmark High School	25115
151299	Charlotte Rodriguez	Denmark High School	25115
151300	Noah Brown	Denmark High School	25115
151400	Ethan Garcia	Denmark High School	25115
151401	Mia Perez	Denmark High School	25115
151402	James Thompson	Denmark High School	25115
164181	Noah Lewis	Denmark High School	25115
164182	Elijah Taylor	Denmark High School	25115
164183	Logan Taylor	Denmark High School	25115
167377	Jackson Jones	Denmark High School	25115
167378	Isabella Davis	Denmark High School	25115
167379	Aiden Smith	Denmark High School	25115
167412	Daniel Smith	Denmark High School	25115
167413	Liam Jackson	Denmark High School	25115
167414	Harper Lopez	Denmark High School	25115
175613	Harper Miller	Denmark High School	25115
175614	Abigail Miller	Denmark High School	25115
175615	Benjamin Davis	Denmark High School	25115
176047	Mason Smith	Denmark High School	25115
176048	Emma Brown	Denmark High School	25115
176049	Aiden Clark	Denmark High School	25115
176256	Sophia Garcia	Denmark High School	25115
176257	Avery Jones	Denmark High School	25115
176258	Elijah Wilson	Denmark High School	25115
176595	Elijah Thompson	Denmark High School	25115
176596	Liam Robinson	Denmark High School	25115
176597	Sophia Lee	Denmark High School	25115
176642	Noah Jackson	Denmark High School	25115
176643	Evelyn Lewis	Denmark High School	25115
176644	Daniel White	Denmark High School	25115
176692	Sophia Williams	Denmark High School	25115
176693	James Clark	Denmark High School	25115
176694	Amelia Ramirez	Denmark High School	25115
135840	Ethan Hernandez	Denmark High School	25116
135841	Harper Brown	Denmark High School	25116
135842	Avery Taylor	Denmark High School	25116
150669	Aria Martinez	Denmark High School	25116
150670	Camila Hernandez	Denmark High School	25116
150671	Amelia Johnson	Denmark High School	25116
151239	Aiden Taylor	Denmark High School	25116
151240	James Gonzalez	Denmark High School	25116
151241	Daniel Jackson	Denmark High School	25116
151359	Elijah Williams	Denmark High School	25116
151360	Abigail Robinson	Denmark High School	25116
151361	Aiden Wilson	Denmark High School	25116
163374	James Rodriguez	Denmark High School	25116
163375	Mia Gonzalez	Denmark High School	25116
163376	Evelyn Smith	Denmark High School	25116
174239	Mason Harris	Denmark High School	25116
174240	Lucas Thomas	Denmark High School	25116
174241	Michael Lopez	Denmark High School	25116
175943	Avery Gonzalez	Denmark High School	25116
175944	Isabella Jones	Denmark High School	25116
175945	Henry Davis	Denmark High School	25116
134178	Sofia Ramirez	Denmark High School	25117
134179	Ethan Brown	Denmark High School	25117
134180	Amelia Robinson	Denmark High School	25117
149150	Mason Gonzalez	Denmark High School	25117
149151	Elijah Williams	Denmark High School	25117
149152	Mia Gonzalez	Denmark High School	25117
150874	Lucas Johnson	Denmark High School	25117
150875	Ethan Clark	Denmark High School	25117
150876	Ethan Jackson	Denmark High School	25117
150931	Amelia Jones	Denmark High School	25117
150932	Sofia Jones	Denmark High School	25117
150933	Charlotte Perez	Denmark High School	25117
150932	Elijah Harris	Denmark High School	25117
150933	Mason Clark	Denmark High School	25117
150934	Noah Anderson	Denmark High School	25117
150993	Jackson Miller	Denmark High School	25117
150994	Mia Rodriguez	Denmark High School	25117
150995	Isabella Thomas	Denmark High School	25117
151340	Benjamin Garcia	Denmark High School	25117
151341	Benjamin Davis	Denmark High School	25117
151342	Sophia Rodriguez	Denmark High School	25117
151344	Mason Miller	Denmark High School	25117
151345	Sofia Wilson	Denmark High School	25117
151346	Camila Davis	Denmark High School	25117
151345	Mason Martinez	Denmark High School	25117
151346	Benjamin Martinez	Denmark High School	25117
151347	Elijah Thompson	Denmark High School	25117
151361	Benjamin Jones	Denmark High School	25117
151362	Olivia Lopez	Denmark High School	25117
151363	Ethan Perez	Denmark High School	25117
151453	Evelyn Anderson	Denmark High School	25117
151454	Michael Martin	Denmark High School	25117
151455	Liam Thompson	Denmark High School	25117
164767	Olivia Davis	Denmark High School	25117
164768	James Sanchez	Denmark High School	25117
164769	Ethan Martin	Denmark High School	25117
172562	Isabella Taylor	Denmark High School	25117
172563	Alexander Moore	Denmark High School	25117
172564	Elijah Johnson	Denmark High School	25117
134176	Ethan Johnson	Denmark High School	25118
134177	Abigail Williams	Denmark High School	25118
134178	Harper Lewis	Denmark High School	25118
146262	Lucas Smith	Denmark High School	25118
146263	Lucas Rodriguez	Denmark High School	25118
146264	Charlotte Lee	Denmark High School	25118
149145	Henry Moore	Denmark High School	25118
149146	Mia Lewis	Denmark High School	25118
149147	Aiden White	Denmark High School	25118
149146	Logan Davis	Denmark High School	25118
149147	Michael Lewis	Denmark High School	25118
149148	Aria Harris	Denmark High School	25118
149147	Michael Thompson	Denmark High School	25118
149148	Evelyn Miller	Denmark High School	25118
149149	Harper Ramirez	Denmark High School	25118
149148	Mason Jones	Denmark High School	25118
149149	Abigail Hernandez	Denmark High School	25118
149150	Sofia Harris	Denmark High School	25118
149195	Harper Smith	Denmark High School	25118
149196	Mia Taylor	Denmark High School	25118
149197	Aria Anderson	Denmark High School	25118
149404	Harper Rodriguez	Denmark High School	25118
149405	Emma Brown	Denmark High School	25118
149406	Logan Lee	Denmark High School	25118
149405	Benjamin Davis	Denmark High School	25118
149406	James Jones	Denmark High School	25118
149407	Liam Thomas	Denmark High School	25118
150180	Henry Jackson	Denmark High School	25118
150181	James White	Denmark High School	25118
150182	Ethan Smith	Denmark High School	25118
150922	Lucas Gonzalez	Denmark High School	25118
150923	Ella Gonzalez	Denmark High School	25118
150924	Sophia Jackson	Denmark High School	25118
151058	Ethan Lopez	Denmark High School	25118
151059	Ethan Ramirez	Denmark High School	25118
151060	Aiden Smith	Denmark High School	25118
151238	Aiden Williams	Denmark High School	25118
151239	Aria Lee	Denmark High School	25118
151240	Benjamin Wilson	Denmark High School	25118
151287	Emma Hernandez	Denmark High School	25118
151288	James Robinson	Denmark High School	25118
151289	Henry Lewis	Denmark High School	25118
151356	Daniel Clark	Denmark High School	25118
151357	Benjamin Moore	Denmark High School	25118
151358	James Thompson	Denmark High School	25118
151357	James Jackson	Denmark High School	25118
151358	Mason Robinson	Denmark High School	25118
151359	Logan Ramirez	Denmark High School	25118
151358	Amelia Johnson	Denmark High School	25118
151359	Lucas Moore	Denmark High School	25118
151360	Sophia Rodriguez	Denmark High School	25118
173215	Amelia Anderson	Denmark High School	25118
173216	Isabella Thomas	Denmark High School	25118
173217	Elijah Sanchez	Denmark High School	25118
173631	Lucas Thomas	Denmark High School	25118
173632	Aria Davis	Denmark High School	25118
173633	Alexander Davis	Denmark High School	25118
174635	Elijah Garcia	Denmark High School	25118
174636	Ella Rodriguez	Denmark High School	25118
174637	Liam Smith	Denmark High School	25118
176693	Michael Sanchez	Denmark High School	25118
176694	Avery Taylor	Denmark High School	25118
176695	Aiden Sanchez	Denmark High School	25118
133118	Olivia Gonzalez	Denmark High School	25119
133119	Isabella Taylor	Denmark High School	25119
133120	Henry Jackson	Denmark High School	25119
139390	Alexander Brown	Denmark High School	25119
139391	Benjamin Jackson	Denmark High School	25119
139392	Henry Jackson	Denmark High School	25119
147323	Harper Moore	Denmark High School	25119
147324	Aria Williams	Denmark High School	25119
147325	Sofia Lopez	Denmark High School	25119
147324	Daniel Sanchez	Denmark High School	25119
147325	Aiden Clark	Denmark High School	25119
147326	Olivia Perez	Denmark High School	25119
147745	Liam Garcia	Denmark High School	25119
147746	Sophia Wilson	Denmark High School	25119
147747	Logan Thompson	Denmark High School	25119
149256	Lucas Jackson	Denmark High School	25119
149257	Ella Jones	Denmark High School	25119
149258	Daniel Miller	Denmark High School	25119
149257	Lucas Clark	Denmark High School	25119
149258	Noah Robinson	Denmark High School	25119
149259	Ella Martinez	Denmark High School	25119
149258	Harper Miller	Denmark High School	25119
149259	Ethan Davis	Denmark High School	25119
149260	Daniel White	Denmark High School	25119
149259	Harper Smith	Denmark High School	25119
149260	Sophia Brown	Denmark High School	25119
149261	Olivia Wilson	Denmark High School	25119
149260	Mason Miller	Denmark High School	25119
149261	Aiden Wilson	Denmark High School	25119
149262	Olivia Lewis	Denmark High School	25119
149261	Charlotte Thomas	Denmark High School	25119
149262	Abigail Jones	Denmark High School	25119
149263	Harper Moore	Denmark High School	25119
149262	Amelia White	Denmark High School	25119
149263	Aria Lewis	Denmark High School	25119
149264	Daniel Brown	Denmark High School	25119
149263	Mia Jones	Denmark High School	25119
149264	Benjamin Thompson	Denmark High School	25119
149265	Aiden Martin	Denmark High School	25119
149264	Liam Jackson	Denmark High School	25119
149265	Ella Perez	Denmark High School	25119
149266	Benjamin Anderson	Denmark High School	25119
149420	Charlotte White	Denmark High School	25119
149421	Elijah Rodriguez	Denmark High School	25119
149422	Olivia Thompson	Denmark High School	25119
149767	Amelia Robinson	Denmark High School	25119
149768	Daniel Harris	Denmark High School	25119
149769	Aria Sanchez	Denmark High School	25119
151783	Evelyn Ramirez	Denmark High School	25119
151784	Ethan Jones	Denmark High School	25119
151785	Sophia Williams	Denmark High School	25119
163553	Henry Lewis	Denmark High School	25119
163554	Liam Johnson	Denmark High School	25119
163555	Camila Ramirez	Denmark High School	25119
147313	Sophia Martin	Denmark High School	25120
147314	Harper Smith	Denmark High School	25120
147315	Charlotte Robinson	Denmark High School	25120
150097	Daniel Perez	Denmark High School	25120
150098	Charlotte Rodriguez	Denmark High School	25120
150099	Avery Williams	Denmark High School	25120
150098	Sophia Wilson	Denmark High School	25120
150099	Aria Moore	Denmark High School	25120
150100	Benjamin Thompson	Denmark High School	25120
150684	Jackson White	Denmark High School	25120
150685	Alexander Brown	Denmark High School	25120
150686	Aria Johnson	Denmark High School	25120
150824	Isabella Jackson	Denmark High School	25120
150825	Harper Thomas	Denmark High School	25120
150826	Sophia Smith	Denmark High School	25120
151422	Lucas Gonzalez	Denmark High School	25120
151423	Isabella Sanchez	Denmark High School	25120
151424	Ella Thompson	Denmark High School	25120
163733	Ethan Jones	Denmark High School	25120
163734	Camila Thomas	Denmark High School	25120
163735	Charlotte Sanchez	Denmark High School	25120
163734	Olivia Davis	Denmark High School	25120
163735	Ella Hernandez	Denmark High School	25120
163736	Sophia Thomas	Denmark High School	25120
163736	James Williams	Denmark High School	25120
163737	Michael Jackson	Denmark High School	25120
163738	Jackson Harris	Denmark High School	25120
169763	Alexander Martinez	Denmark High School	25120
169764	Olivia White	Denmark High School	25120
169765	Abigail Harris	Denmark High School	25120
149848	Aria Lee	Denmark High School	25121
149849	Liam Williams	Denmark High School	25121
149850	Abigail Garcia	Denmark High School	25121
150886	Mia Moore	Denmark High School	25121
150887	Sophia Smith	Denmark High School	25121
150888	Charlotte Moore	Denmark High School	25121
150887	Alexander Hernandez	Denmark High School	25121
150888	Liam Davis	Denmark High School	25121
150889	Emma Martin	Denmark High School	25121
166496	Liam Gonzalez	Denmark High School	25121
166497	Aria Brown	Denmark High School	25121
166498	Sophia Lewis	Denmark High School	25121
173562	Logan Garcia	Denmark High School	25121
173563	James Taylor	Denmark High School	25121
173564	Abigail Davis	Denmark High School	25121
146264	Daniel Thomas	Denmark High School	25122
146265	Avery Rodriguez	Denmark High School	25122
146266	Alexander Thomas	Denmark High School	25122
149149	Harper Wilson	Denmark High School	25122
149150	Aiden Jackson	Denmark High School	25122
149151	James Wilson	Denmark High School	25122
149918	Michael Smith	Denmark High School	25122
149919	James Garcia	Denmark High School	25122
149920	Abigail Martinez	Denmark High School	25122
165306	Avery Hernandez	Denmark High School	25122
165307	Daniel Hernandez	Denmark High School	25122
165308	Amelia Jones	Denmark High School	25122
173340	Aria Thompson	Denmark High School	25122
173341	James Johnson	Denmark High School	25122
173342	Daniel Davis	Denmark High School	25122
174135	James Johnson	Denmark High School	25122
174136	Liam Williams	Denmark High School	25122
174137	Mason Jackson	Denmark High School	25122
175446	Harper Garcia	Denmark High School	25122
175447	Benjamin Williams	Denmark High School	25122
175448	Alexander Sanchez	Denmark High School	25122
175651	Olivia Robinson	Denmark High School	25122
175652	Sofia Garcia	Denmark High School	25122
175653	Jackson Gonzalez	Denmark High School	25122
175841	Benjamin Gonzalez	Denmark High School	25122
175842	Henry Williams	Denmark High School	25122
175843	James Davis	Denmark High School	25122
138012	Elijah Davis	Denmark High School	25123
138013	Lucas Davis	Denmark High School	25123
138014	Ethan Clark	Denmark High School	25123
149706	Daniel Harris	Denmark High School	25123
149707	Alexander Lee	Denmark High School	25123
149708	Mia White	Denmark High School	25123
150925	Olivia Davis	Denmark High School	25123
150926	Sofia Sanchez	Denmark High School	25123
150927	Noah Lopez	Denmark High School	25123
150926	Mia Davis	Denmark High School	25123
150927	Olivia Rodriguez	Denmark High School	25123
150928	Abigail Hernandez	Denmark High School	25123
150927	Olivia Wilson	Denmark High School	25123
150928	Elijah Lopez	Denmark High School	25123
150929	Charlotte Taylor	Denmark High School	25123
175612	Alexander Lewis	Denmark High School	25123
175613	Emma Lee	Denmark High School	25123
175614	Evelyn Clark	Denmark High School	25123
175655	Alexander Gonzalez	Denmark High School	25123
175656	Benjamin Taylor	Denmark High School	25123
175657	Harper Martinez	Denmark High School	25123
133114	Michael Williams	Denmark High School	25124
133115	Aria Lewis	Denmark High School	25124
133116	Aiden Wilson	Denmark High School	25124
143645	Noah Taylor	Denmark High School	25124
143646	Abigail Robinson	Denmark High School	25124
143647	Alexander Miller	Denmark High School	25124
145969	James Garcia	Denmark High School	25124
145970	Michael Brown	Denmark High School	25124
145971	Noah Lee	Denmark High School	25124
145971	Mason Smith	Denmark High School	25124
145972	Mia Perez	Denmark High School	25124
145973	Isabella Harris	Denmark High School	25124
146276	Noah White	Denmark High School	25124
146277	Daniel Jones	Denmark High School	25124
146278	Sophia Thomas	Denmark High School	25124
149269	Olivia Harris	Denmark High School	25124
149270	Avery Johnson	Denmark High School	25124
149271	Noah Martinez	Denmark High School	25124
150753	Ethan Martin	Denmark High School	25124
150754	Michael White	Denmark High School	25124
150755	Lucas Johnson	Denmark High School	25124
150835	Elijah Jones	Denmark High School	25124
150836	Logan Wilson	Denmark High School	25124
150837	Evelyn Thompson	Denmark High School	25124
150934	Henry Lopez	Denmark High School	25124
150935	Avery Lewis	Denmark High School	25124
150936	Sofia Lopez	Denmark High School	25124
150939	Abigail Jackson	Denmark High School	25124
150940	Mia Moore	Denmark High School	25124
150941	Lucas Garcia	Denmark High School	25124
173288	Michael Smith	Denmark High School	25124
173289	Liam Hernandez	Denmark High School	25124
173290	Lucas Miller	Denmark High School	25124
138022	Amelia Jackson	Denmark High School	25125
138023	Mason Robinson	Denmark High School	25125
138024	Emma Jackson	Denmark High School	25125
144088	Sofia Williams	Denmark High School	25125
144089	Elijah Thompson	Denmark High School	25125
144090	Aiden Thomas	Denmark High School	25125
144618	Lucas Gonzalez	Denmark High School	25125
144619	Olivia Wilson	Denmark High School	25125
144620	Daniel Gonzalez	Denmark High School	25125
147737	Aiden Sanchez	Denmark High School	25125
147738	Emma Anderson	Denmark High School	25125
147739	Emma Robinson	Denmark High School	25125
150102	Ethan Ramirez	Denmark High School	25125
150103	Camila Johnson	Denmark High School	25125
150104	Olivia Sanchez	Denmark High School	25125
150683	Lucas Hernandez	Denmark High School	25125
150684	Evelyn Wilson	Denmark High School	25125
150685	Charlotte Davis	Denmark High School	25125
163700	Alexander Lewis	Denmark High School	25125
163701	Ella Davis	Denmark High School	25125
163702	Amelia Jones	Denmark High School	25125
168991	Jackson Wilson	Denmark High School	25125
168992	Alexander Robinson	Denmark High School	25125
168993	Aria Garcia	Denmark High School	25125
147681	Ella White	Denmark High School	25126
147682	Noah Lewis	Denmark High School	25126
147683	Mia Gonzalez	Denmark High School	25126
147735	Mason Perez	Denmark High School	25126
147736	Noah Garcia	Denmark High School	25126
147737	Harper Miller	Denmark High School	25126
148108	Avery Brown	Denmark High School	25126
148109	Sophia Rodriguez	Denmark High School	25126
148110	Mia Jones	Denmark High School	25126
151535	Ella Davis	Denmark High School	25126
151536	Isabella Smith	Denmark High School	25126
151537	Evelyn Lewis	Denmark High School	25126
163729	Harper Miller	Denmark High School	25126
163730	Abigail Jackson	Denmark High School	25126
163731	Amelia Jones	Denmark High School	25126
163730	Camila Lee	Denmark High School	25126
163731	Benjamin Moore	Denmark High School	25126
163732	Sofia Williams	Denmark High School	25126
164568	Noah Jackson	Denmark High School	25126
164569	Aria Miller	Denmark High School	25126
164570	Mason Garcia	Denmark High School	25126
175019	Charlotte Harris	Denmark High School	25126
175020	Ella Lopez	Denmark High School	25126
175021	Isabella Hernandez	Denmark High School	25126
175906	Benjamin Martinez	Denmark High School	25126
175907	Daniel Jackson	Denmark High School	25126
175908	Abigail Gonzalez	Denmark High School	25126
176257	Evelyn Martinez	Denmark High School	25126
176258	Olivia Garcia	Denmark High School	25126
176259	Aria Lee	Denmark High School	25126
143618	Emma Taylor	Denmark High School	25127
143619	Emma Robinson	Denmark High School	25127
143620	Harper Wilson	Denmark High School	25127
144094	Jackson Harris	Denmark High School	25127
144095	Amelia Smith	Denmark High School	25127
144096	Logan Clark	Denmark High School	25127
149162	Ella Perez	Denmark High School	25127
149163	Evelyn Jackson	Denmark High School	25127
149164	Jackson Lewis	Denmark High School	25127
150243	Noah Brown	Denmark High School	25127
150244	Abigail Williams	Denmark High School	25127
150245	Liam Taylor	Denmark High School	25127
150417	Alexander Williams	Denmark High School	25127
150418	Evelyn Jones	Denmark High School	25127
150419	Charlotte Gonzalez	Denmark High School	25127
166548	Camila Thomas	Denmark High School	25127
166549	Alexander Davis	Denmark High School	25127
166550	Benjamin Anderson	Denmark High School	25127
173070	Charlotte Brown	Denmark High School	25127
173071	Aiden Martinez	Denmark High School	25127
173072	Avery Moore	Denmark High School	25127
173369	Liam Clark	Denmark High School	25127
173370	Olivia Miller	Denmark High School	25127
173371	Camila Garcia	Denmark High School	25127
175638	Lucas Gonzalez	Denmark High School	25127
175639	Olivia White	Denmark High School	25127
175640	Amelia Williams	Denmark High School	25127
175989	Emma Hernandez	Denmark High School	25127
175990	Ethan Garcia	Denmark High School	25127
175991	Liam Lopez	Denmark High School	25127
176585	Henry Martin	Denmark High School	25127
176586	Ethan Miller	Denmark High School	25127
176587	Avery Thompson	Denmark High School	25127
127443	Noah Thompson	Denmark High School	25128
127444	Evelyn Davis	Denmark High School	25128
127445	Alexander Ramirez	Denmark High School	25128
130930	Olivia Moore	Denmark High School	25128
130931	Sofia Gonzalez	Denmark High School	25128
130932	Ethan Thompson	Denmark High School	25128
130931	Mason Lewis	Denmark High School	25128
130932	Abigail Garcia	Denmark High School	25128
130933	Sofia Robinson	Denmark High School	25128
130932	Elijah Perez	Denmark High School	25128
130933	Lucas Thomas	Denmark High School	25128
130934	Sophia Garcia	Denmark High School	25128
131219	Aiden Robinson	Denmark High School	25128
131220	Ella Hernandez	Denmark High School	25128
131221	Elijah Lee	Denmark High School	25128
131220	Olivia Jackson	Denmark High School	25128
131221	Logan Davis	Denmark High School	25128
131222	Sophia Davis	Denmark High School	25128
131222	Jackson Ramirez	Denmark High School	25128
131223	Liam Martinez	Denmark High School	25128
131224	Evelyn Johnson	Denmark High School	25128
132534	Jackson Robinson	Denmark High School	25128
132535	Evelyn Moore	Denmark High School	25128
132536	Emma Rodriguez	Denmark High School	25128
132536	Elijah Davis	Denmark High School	25128
132537	Emma Martinez	Denmark High School	25128
132538	Sophia Martinez	Denmark High School	25128
135868	Elijah Smith	Denmark High School	25128
135869	Logan Hernandez	Denmark High School	25128
135870	Avery Wilson	Denmark High School	25128
136744	Ella Williams	Denmark High School	25128
136745	Noah Perez	Denmark High School	25128
136746	Ethan Harris	Denmark High School	25128
137912	Liam Thomas	Denmark High School	25128
137913	Logan Martin	Denmark High School	25128
137914	Evelyn Harris	Denmark High School	25128
137927	Daniel Taylor	Denmark High School	25128
137928	Elijah Garcia	Denmark High School	25128
137929	Michael Robinson	Denmark High School	25128
141008	Noah Ramirez	Denmark High School	25128
141009	Alexander Jones	Denmark High School	25128
141010	Charlotte Jones	Denmark High School	25128
142754	Sophia Brown	Denmark High School	25128
142755	Alexander White	Denmark High School	25128
142756	Avery Lee	Denmark High School	25128
145977	Ethan Clark	Denmark High School	25128
145978	Aiden Jackson	Denmark High School	25128
145979	Benjamin Lewis	Denmark High School	25128
